<?xml version="1.0" encoding="UTF-8"?>
<project-private xmlns="http://www.netbeans.org/ns/project-private/1">
    <editor-bookmarks xmlns="http://www.netbeans.org/ns/editor-bookmarks/2" lastBookmarkId="0"/>
    <open-files xmlns="http://www.netbeans.org/ns/projectui-open-files/2">
        <group>
            <file>file:/D:/GitHub/MerksAndSpenEquipo4/ProyectoEquipo4/src/AdministracionUsuarios.java</file>
            <file>file:/D:/GitHub/MerksAndSpenEquipo4/ProyectoEquipo4/src/MenuAdmin.java</file>
            <file>file:/D:/GitHub/MerksAndSpenEquipo4/ProyectoEquipo4/src/CRUDArticulos.java</file>
            <file>file:/D:/GitHub/MerksAndSpenEquipo4/ProyectoEquipo4/src/CRUDDepartamentos.java</file>
            <file>file:/D:/GitHub/MerksAndSpenEquipo4/ProyectoEquipo4/src/AdministracionArticulos.java</file>
        </group>
    </open-files>
</project-private>
